{"pageContext":{"year":2018,"games":[{"name":"Finding Paradise","image":null,"score":10,"platform":"steam"},{"name":"旅かえる","image":null,"score":8,"platform":"App Store"},{"name":"尼尔：机械纪元","image":null,"score":9.8,"platform":"PS4"},{"name":"怪物猎人：世界","image":null,"score":8.9,"platform":"PS4"},{"name":"Far Cry 5","image":null,"score":8.8,"platform":"Uplay"},{"name":"星之卡比：新星同盟","image":null,"score":8.5,"platform":"switch"},{"name":"巨像之咆哮","image":null,"score":8.8,"platform":"PS4"},{"name":"传说法师","image":null,"score":8.4,"platform":"steam"},{"name":"战神","image":null,"score":9.6,"platform":"PS4"},{"name":"Just Dance 2018","image":null,"score":8.6,"platform":"switch"},{"name":"月圆之夜","image":null,"score":9,"platform":"App Store"},{"name":"刺客信条：奥德赛","image":null,"score":9,"platform":"Uplay"},{"name":"荒野大镖客：救赎2","image":null,"score":9.9,"platform":"PS4"},{"name":"Florence","image":null,"score":9.5,"platform":"App Store"},{"name":"GRIS","image":null,"score":9,"platform":"steam"},{"name":"任天堂全明星大乱斗：特别版","image":null,"score":9.7,"platform":"switch"}]}}