{"data":{"allMarkdownRemark":{"edges":[{"node":{"frontmatter":{"path":"rpc","category":"frontend","title":"RPC","date":"October 10, 2019","summary":"."}}},{"node":{"frontmatter":{"path":"design","category":"frontend","title":"设计","date":"October 10, 2019","summary":"."}}},{"node":{"frontmatter":{"path":"binary-data","category":"frontend","title":"Binary Data","date":"July 16, 2019","summary":"Binary data in JavaScript is implemented in a non-standard way, compared to other languages. But when we sort things out, everything becomes fairly simple."}}},{"node":{"frontmatter":{"path":"csrf","category":"frontend","title":"CSRF","date":"July 08, 2019","summary":"Cross-Site Request Forgery is an attack that forces an end user to execute unwanted actions on a web application in which they are currently authenticated"}}},{"node":{"frontmatter":{"path":"web-caching","category":"frontend","title":"Web Caching","date":"July 05, 2019","summary":"Caching is the term for storing reusable responses in order to make subsequent requests faster."}}},{"node":{"frontmatter":{"path":"content-negotiation","category":"frontend","title":"Content Negotiation","date":"July 02, 2019","summary":"Content Negotiation is a mechanism that makes it possible to serve different representations of a resource at the same URI.  HTTP 1.1 defines two main styles of Content Negotiation:  Server-driven and Agent-driven"}}},{"node":{"frontmatter":{"path":"xss","category":"frontend","title":"XSS","date":"June 22, 2019","summary":"Cross-Site Scripting is a code injection attack that allows an attacker to execute malicious JavaScript in another user's browser."}}},{"node":{"frontmatter":{"path":"proxy-and-reflect","category":"frontend","title":"Proxy & Reflect","date":"June 20, 2019","summary":"A proxy wraps another object and intercepts operations, handling them on its own, or transparently allowing the object to handle them."}}},{"node":{"frontmatter":{"path":"block-formatting-context","category":"frontend","title":"Block Formatting Context","date":"June 13, 2019","summary":"The block formatting context is part of the visual CSS rendering of a web page. It affects the layout by changing how the contained elements float and clear."}}},{"node":{"frontmatter":{"path":"flex","category":"frontend","title":"Flex","date":"June 11, 2019","summary":"The Flexbox Layout module aims at providing a more efficient way to lay out, align and distribute space among items in a container, even when their size is unknown or dynamic."}}},{"node":{"frontmatter":{"path":"tcp","category":"frontend","title":"Transmission Control Protocol","date":"May 20, 2019","summary":"The transmission control protocol (TCP) is the internet standard ensuring the successful exchange of data packets between devices over a network. "}}},{"node":{"frontmatter":{"path":"https","category":"frontend","title":"Hypertext Transfer Protocol Secure","date":"May 17, 2019","summary":"The Hypertext Transfer Protocol (HTTP) is an application protocol for distributed, collaborative, hypermedia information systems"}}}]}},"pageContext":{"limit":12,"offset":0,"prevPage":"","nextPage":2}}