{"pageContext":{"year":2019,"games":[{"name":"地平线：零之曙光","image":null,"score":9.2,"platform":"PS4"},{"name":"漫威蜘蛛侠","image":null,"score":9.2,"platform":"PS4"},{"name":"只狼","image":null,"score":9.6,"platform":"steam"},{"name":"巫师之昆特牌：王权的陨落","image":null,"score":9.1,"platform":"steam"},{"name":"武士零","image":null,"score":8.9,"platform":"steam"},{"name":"瘟疫传说：无罪","image":null,"score":8.8,"platform":"steam"},{"name":"失落的龙约","image":null,"score":9.1,"platform":"app store"},{"name":"古剑奇谭三","image":null,"score":8.8,"platform":"steam"},{"name":"节奏海拉鲁","image":null,"score":9,"platform":"switch"},{"name":"鬼泣5","image":null,"score":8.5,"platform":"steam"},{"name":"万智牌：竞技场","image":null,"score":9.5,"platform":"PC"},{"name":"异界锁链","image":null,"score":8.6,"platform":"switch"},{"name":"Return of the Obra Dinn","image":null,"score":9.4,"platform":"steam"},{"name":"塞尔达传说：织梦岛","image":null,"score":9.6,"platform":"switch"},{"name":"妖怪ウォッチ 4","image":null,"score":9.4,"platform":"switch"},{"name":"宝可梦 剑／盾","image":null,"score":8.4,"platform":"switch"},{"name":"死亡搁浅","image":null,"score":9.8,"platform":"PS4"},{"name":"Song of Bloom","image":null,"score":10,"platform":"App Store"},{"name":"Persona Q2","image":null,"score":9.4,"platform":"3DS"}]}}