{"pageContext":{"year":2020,"games":[{"name":"控制","image":null,"score":9.2,"platform":"Epic"},{"name":"生化危机2 重制版","image":null,"score":9.2,"platform":"Steam"},{"name":"ペルソナ5 スクランブル","image":null,"score":9.5,"platform":"PS4"},{"name":"Ori and the Will of the Wisps","image":null,"score":9.8,"platform":"Steam"},{"name":"仁王2","image":null,"score":9.8,"platform":"PS4"},{"name":"十三机兵防卫圈","image":null,"score":9.9,"platform":"PS4"},{"name":"The Last of Us Part II","image":null,"score":9.6,"platform":"PS4"},{"name":"The Legend of Runersia","image":null,"score":8.8,"platform":"Switch"},{"name":"Persona 4 The Golden","image":null,"score":9.4,"platform":"PSV"},{"name":"女神异闻录4 通宵热舞","image":null,"score":8.5,"platform":"PSV"},{"name":"对马岛之鬼","image":null,"score":9.6,"platform":"PS4"},{"name":"荒野乱斗","image":null,"score":8.4,"platform":"App Store"},{"name":"恶果之地","image":null,"score":8.4,"platform":"App Store"},{"name":"生化危机3 重制版","image":null,"score":8.5,"platform":"Steam"}]}}