{"pageContext":{"year":2016,"games":[{"name":"Splatoon","image":null,"score":9.8,"platform":"Wii U"},{"name":"超级马里奥赛车8","image":null,"score":9,"platform":"Wii U"},{"name":"说剑","image":null,"score":9,"platform":"App Store"},{"name":"火影忍者：究极忍者风暴4","image":null,"score":7,"platform":"PS4"},{"name":"神秘海域4：盗贼末路","image":null,"score":9.6,"platform":"PS4"},{"name":"战斗吧剑灵","image":null,"score":8,"platform":"App Store"},{"name":"人类资源机器","image":null,"score":8.8,"platform":"App Store"},{"name":"暴雨","image":null,"score":9.8,"platform":"PS4"},{"name":"INSIDE","image":null,"score":10,"platform":"steam"},{"name":"The Bug Butcher","image":null,"score":8.8,"platform":"App Store"},{"name":"ペルソナ5","image":null,"score":9.8,"platform":"PS4"},{"name":"精灵宝可梦：月亮","image":null,"score":9.5,"platform":"3DS"},{"name":"Beholder","image":null,"score":9.8,"platform":"steam"},{"name":"The Wolf Among Us","image":null,"score":9.5,"platform":"steam"}]}}