{"pageContext":{"year":2015,"games":[{"name":"Shadowmatic","image":null,"score":8.5,"platform":"App Store"},{"name":"Ori and the Blind Forest","image":"https://p0.meituan.net/travelcube/116f29c869dd80ebbc29c07b3f6c6a49226291.jpg","score":9.6,"platform":"steam"},{"name":"战斗方块剧场","image":null,"score":9.4,"platform":"steam"},{"name":"声名狼藉：次子","image":null,"score":8.8,"platform":"PS4"},{"name":"血源诅咒","image":null,"score":9.8,"platform":"PS4"},{"name":"风之旅人","image":null,"score":10,"platform":"PS4"},{"name":"The Last Of Us","image":null,"score":10,"platform":"PS4"},{"name":"战神3","image":null,"score":8,"platform":"PS4"},{"name":"Lifeline","image":null,"score":9,"platform":"App Store"},{"name":"Walkr","image":null,"score":8.6,"platform":"App Store"},{"name":"刺客心信条：枭雄","image":null,"score":8.8,"platform":"PS4"},{"name":"Her Story","image":null,"score":8.5,"platform":"App Store"},{"name":"纪念碑谷","image":null,"score":8.6,"platform":"App Store"}]}}