{"data":{"allMarkdownRemark":{"edges":[{"node":{"frontmatter":{"path":"sublime-text","category":"frontend","title":"Sublime Text","date":"October 29, 2014","summary":"Sublime Text is a cross-platform text and source code editor with a Python application programming interface."}}},{"node":{"frontmatter":{"path":"grunt","category":"frontend","title":"Grunt","date":"October 23, 2014","summary":"Grunt is a task runner can do most of that mundane work for you and your team with basically zero effort."}}}]}},"pageContext":{"limit":12,"offset":24,"prevPage":2,"nextPage":""}}