{"data":{"allMarkdownRemark":{"edges":[{"node":{"frontmatter":{"path":"garbage-collection","category":"frontend","title":"Garbage Collection","date":"March 01, 2019","summary":"Trash talk: the Orinoco garbage collector"}}},{"node":{"frontmatter":{"path":"gulp","category":"frontend","title":"Gulp","date":"May 07, 2015","summary":"Gulp is a stram-based build system, designed for big project, small, idiomatic node modules."}}},{"node":{"frontmatter":{"path":"vim","category":"develop","title":"Vim","date":"May 05, 2015","summary":"vim is a screen-oriented text editor originally created for the Unix operating system"}}},{"node":{"frontmatter":{"path":"soft-delete-with-rails","category":"rails-gems","title":"Soft delete with Rails","date":"March 04, 2015","summary":"A Rails plugin to add soft delete which can be used to hide records instead of deleting them, making them recoverable later."}}},{"node":{"frontmatter":{"path":"rspec-and-capybara-with-rails","category":"rails-gems","title":"Rspec and Capybara with Rails","date":"March 03, 2015","summary":"Rspec is a Behaviour Driven Development gems for Ruby. Capybara helps you test web applications by simulating how a real user would interact with your app."}}},{"node":{"frontmatter":{"path":"devise-with-rails","category":"rails-gems","title":"Devise with Rails","date":"February 10, 2015","summary":"Devise is a flexible authentication solution for Rails based on Warden."}}},{"node":{"frontmatter":{"path":"bootstrap-modal-with-rails","category":"rails-gems","title":"Bootstrap modal with Rails","date":"February 09, 2015","summary":"Extends Bootstrap's native modals to provide additional functionality."}}},{"node":{"frontmatter":{"path":"paperclip-with-rails","category":"rails-gems","title":"Paperclip with Rails","date":"February 01, 2015","summary":"Paperclip is intended as an easy file attachment library for Active Record."}}},{"node":{"frontmatter":{"path":"ckeditor-with-rails","category":"rails-gems","title":"Ckeditor with Rails","date":"February 01, 2015","summary":"CKEditor is a WYSIWYG text editor designed to simplify web content creation. It brings common word processing features directly to your web pages."}}},{"node":{"frontmatter":{"path":"ancestry-with-rails","category":"rails-gems","title":"Ancestry with Rails","date":"January 28, 2015","summary":"Ancestry is a gem/plugin that allows the records of a Ruby on Rails ActiveRecord model to be organised as a tree structure."}}},{"node":{"frontmatter":{"path":"sass","category":"frontend","title":"sass","date":"November 05, 2014","summary":"Sass is the most mature, stable, and powerful professional grade CSS extension language in the world."}}},{"node":{"frontmatter":{"path":"sublime-text","category":"frontend","title":"Sublime Text","date":"October 29, 2014","summary":"Sublime Text is a cross-platform text and source code editor with a Python application programming interface."}}}]}},"pageContext":{"limit":12,"offset":12,"prevPage":1,"nextPage":3}}