{"pageContext":{"year":2017,"games":[{"name":"晶体管","image":null,"score":8.8,"platform":"steam"},{"name":"猎天使魔女2","image":null,"score":9.6,"platform":"Wii U"},{"name":"猎天使魔女","image":null,"score":9.4,"platform":"Wii U"},{"name":"Guild of Dungeoneering","image":null,"score":8.9,"platform":"App Store"},{"name":"Never Alone","image":null,"score":7,"platform":"App Store"},{"name":"塞尔达传说：荒野之息","image":null,"score":10,"platform":"switch"},{"name":"Mario Kart 8 Deluxe","image":null,"score":9.6,"platform":"switch"},{"name":"仁王","image":null,"score":9.8,"platform":"PS4"},{"name":"妖怪手表破坏者：赤猫团","image":null,"score":9.2,"platform":"3DS"},{"name":"香缇：半精灵英雄","image":null,"score":8.8,"platform":"switch"},{"name":"Splatoon 2","image":null,"score":9.5,"platform":"switch"},{"name":"To the moon","image":null,"score":10,"platform":"steam"},{"name":"荣耀战魂","image":null,"score":8.8,"platform":"PS4"},{"name":"What Remains of Edith Finch","image":null,"score":10,"platform":"steam"},{"name":"last day of June","image":null,"score":8.4,"platform":"steam"},{"name":"神界：原罪2","image":null,"score":9.8,"platform":"steam"},{"name":"absolver","image":null,"score":8.6,"platform":"steam"},{"name":"传送门骑士","image":null,"score":8.6,"platform":"steam"},{"name":"马里奥疯兔","image":null,"score":8.5,"platform":"switch"},{"name":"马里奥：奥德赛","image":null,"score":10,"platform":"switch"},{"name":"Night in The Wood","image":null,"score":9.6,"platform":"steam"},{"name":"全境封锁","image":null,"score":8.6,"platform":"Uplay"},{"name":"刺客信条：起源","image":null,"score":9.6,"platform":"Uplay"}]}}